best,average,diversity
1038.1296296296296,1071.0674074074075,0.9969618884280078
1028.9562962962964,1047.1823209876543,0.9901184332908056
1011.1340740740741,1038.5913827160493,0.9856259047120493